"鄉鎮市區","交易標的","ADDRESS","土地移轉總面積.平方公尺.","都市土地使用分區","非都市土地使用分區","非都市土地使用編定","交易年月日","交易筆棟數","移轉層次","總樓層數","建物型態","主要用途","主要建材","建築完成年月","建物移轉總面積.平方公尺.","建物現況格局.房","建物現況格局.廳","建物現況格局.衛","建物現況格局.隔間","有無管理組織","總價.元.","單價.元.平方公尺.","車位類別","車位移轉總面積.平方公尺.","車位總價.元.","交易標的橫坐標","交易標的縱坐標","有無備註欄.Y.N.","備註","編號","主建物面積","附屬建物面積","陽台面積","電梯","AddressNew","Geometry"
"板橋區","房地(土地+建物)+車位","新北市板橋區華江一路５８２號八樓",16.08,"其他","","",1060916,"土地1建物1車位1","八層","十九層","住宅大樓(11層含以上有電梯)","住家用","鋼筋混凝土造",1100421,142.76,3,2,2,"有","有",15900000,126229,"坡道平面",29.87,1650000,296995,2769522,"Y","預售屋、或土地及建物分件登記案件；","RPXUMLNLPHGGFAF56DA",63.69,9.62,0,"有","新北市板橋區溪頭里華江一路582號","POINT (121.4657521336795 25.032836811563339)"
"板橋區","房地(土地+建物)+車位","新北市板橋區華江一路５６６號四樓",19.11,"其他","","",1061228,"土地1建物1車位1","四層","十九層","住宅大樓(11層含以上有電梯)","住家用","鋼筋混凝土造",1100421,165.5,3,2,2,"有","有",18240000,120106,"坡道平面",29.87,1950000,296995,2769522,"Y","預售屋、或土地及建物分件登記案件；","RPRVMLNLPHGGFAF68DA",76.09,12.14,0,"有","新北市板橋區溪頭里華江一路566號","POINT (121.4658276016788 25.033321149314471)"
"板橋區","房地(土地+建物)+車位","新北市板橋區華江一路５６６號十樓",18.6,"其他","","",1061216,"土地1建物1車位1","十層","十九層","住宅大樓(11層含以上有電梯)","住家用","鋼筋混凝土造",1100421,150.57,3,2,2,"有","有",17930000,126659,"坡道機械",14.93,750000,296995,2769522,"Y","預售屋、或土地及建物分件登記案件；","RPSVMLNLPHGGFAF78DA",76.09,12.14,0,"有","新北市板橋區溪頭里華江一路566號","POINT (121.4658276016788 25.033321149314471)"
"板橋區","房地(土地+建物)+車位","新北市板橋區華江一路５６６號十九樓",18.6,"其他","","",1061215,"土地1建物1車位1","十九層","十九層","住宅大樓(11層含以上有電梯)","住家用","鋼筋混凝土造",1100421,150.57,3,2,2,"有","有",18360000,127249,"坡道機械",14.93,1100000,296995,2769522,"Y","預售屋、或土地及建物分件登記案件；","RPTVMLNLPHGGFAF88DA",76.09,12.14,0,"有","新北市板橋區溪頭里華江一路566號","POINT (121.4658276016788 25.033321149314471)"
"土城區","房地(土地+建物)+車位","新北市土城區中央路四段２７９巷２８號十二樓",17.24,"其他","","",1100701,"土地1建物1車位1","十二層","十五層","住宅大樓(11層含以上有電梯)","住家用","鋼筋混凝土造",950817,165.12,3,2,2,"有","有",13630000,82546,"坡道平面",34.26,0,291706,2760675,"N","","RPPQMLTLPHGGFAF58DA",86.34,14.04,0,"有","新北市土城區頂新里中央路四段279巷28號","POINT (121.4121843478957 24.952759771596)"
"板橋區","房地(土地+建物)+車位","新北市板橋區漢生西路１６９之２號十六樓",7.36,"其他","","",1100712,"土地1建物1車位1","十六層","二十三層","住宅大樓(11層含以上有電梯)","住家用","鋼筋混凝土造",1090727,83.21,2,2,1,"有","有",13800000,184022,"坡道機械",14.74,1200000,296723,2768518,"N","","RPVOMLTLPHGGFAF98DA",41.09,3.44,0,"有","新北市板橋區文德里漢生西路169之2號","POINT (121.4631624005488 25.023728891473521)"
"板橋區","房地(土地+建物)","新北市板橋區民生路三段３２３號九樓之９",1.35,"其他","","",1100701,"土地2建物1車位0","九層","三十七層","住宅大樓(11層含以上有電梯)","住家用","鋼骨鋼筋混凝土造",950914,39.33,1,1,1,"有","有",5800000,147508,"",0,0,296696,2769301,"N","","RPVPMLQKPHGGFAF68DA",26.77,0.03,0,"有","新北市板橋區宏翠里民生路三段323號","POINT (121.4632476089576 25.031315122309351)"
"土城區","房地(土地+建物)+車位","新北市土城區青雲路３５０之１號十樓",12.62,"其他","","",1091027,"土地1建物1車位1","十層","十五層","住宅大樓(11層含以上有電梯)","住家用","鋼筋混凝土造",1100603,98.45,2,1,1,"有","有",8280000,96872,"坡道平面",32.59,1900000,296282,2763030,"Y","預售屋、或土地及建物分件登記案件；","RPSWMLPKPHGGFAF98DA",40.15,4.27,0,"有","新北市土城區清和里青雲路350之1號","POINT (121.4580959021242 24.974515974176619)"
"土城區","房地(土地+建物)+車位","新北市土城區青雲路３５０之１號三樓",12.62,"其他","","",1081208,"土地1建物1車位1","三層","十五層","住宅大樓(11層含以上有電梯)","住家用","鋼筋混凝土造",1100603,97.39,2,1,1,"有","有",8050000,93366,"坡道平面",31.52,1900000,296282,2763030,"Y","預售屋、或土地及建物分件登記案件；","RPVVMLPKPHGGFAF56DA",40.15,4.27,0,"有","新北市土城區清和里青雲路350之1號","POINT (121.4580959021242 24.974515974176619)"
"土城區","房地(土地+建物)+車位","新北市土城區青雲路３５０之７號六樓",15.12,"其他","","",1090930,"土地1建物1車位1","六層","十五層","住宅大樓(11層含以上有電梯)","住家用","鋼筋混凝土造",1100603,111.94,2,1,2,"有","有",9520000,90989,"坡道平面",32.59,2300000,296282,2763030,"Y","預售屋、或土地及建物分件登記案件；","RPWONLPKPHGGFAF68DA",50.45,3.07,0,"有","新北市土城區清和里青雲路350之7號","POINT (121.457953959669 24.974589305515131)"
"土城區","房地(土地+建物)+車位","新北市土城區青雲路３５０之７號十一樓",15.12,"其他","","",1091111,"土地1建物1車位1","十一層","十五層","住宅大樓(11層含以上有電梯)","住家用","鋼筋混凝土造",1100603,110.87,2,1,2,"有","有",9400000,91367,"坡道平面",31.52,2150000,296282,2763030,"Y","預售屋、或土地及建物分件登記案件；","RPUPNLPKPHGGFAF58DA",50.45,3.07,0,"有","新北市土城區清和里青雲路350之7號","POINT (121.457953959669 24.974589305515131)"
"土城區","房地(土地+建物)+車位","新北市土城區青雲路３５２之１號十四樓",15.69,"其他","","",1091028,"土地1建物1車位1","十四層","十五層","住宅大樓(11層含以上有電梯)","住家用","鋼筋混凝土造",1100603,115.05,2,2,1,"有","有",10420000,98472,"坡道平面",32.59,2300000,296282,2763030,"Y","預售屋、或土地及建物分件登記案件；","RPWOMLPKPHGGFAF58DA",52.35,3.22,0,"有","新北市土城區清和里青雲路352之1號","POINT (121.458583420461 24.97427263837001)"
"土城區","房地(土地+建物)+車位","新北市土城區青雲路３５２之６號十三樓",18.28,"其他","","",1090729,"土地1建物1車位1","十三層","十五層","住宅大樓(11層含以上有電梯)","住家用","鋼筋混凝土造",1100603,128.99,2,2,2,"有","有",11350000,95436,"坡道平面",32.59,2150000,296282,2763030,"Y","預售屋、或土地及建物分件登記案件；","RPTRMLPKPHGGFAF58DA",59.74,5.26,0,"有","新北市土城區清和里青雲路352之6號","POINT (121.45832421174249 24.97436133633407)"
"土城區","房地(土地+建物)+車位","新北市土城區青雲路３５２之６號十四樓",18.28,"其他","","",1091015,"土地1建物1車位1","十四層","十五層","住宅大樓(11層含以上有電梯)","住家用","鋼筋混凝土造",1100603,128.99,2,2,2,"有","有",11290000,96369,"坡道平面",32.59,2000000,296282,2763030,"Y","預售屋、或土地及建物分件登記案件；","RPURMLPKPHGGFAF68DA",59.74,5.26,0,"有","新北市土城區清和里青雲路352之6號","POINT (121.45832421174249 24.97436133633407)"
"土城區","房地(土地+建物)+車位","新北市土城區青雲路３５２之５號十三樓",15.69,"其他","","",1090918,"土地1建物1車位1","十三層","十五層","住宅大樓(11層含以上有電梯)","住家用","鋼筋混凝土造",1100603,115.05,2,2,1,"有","有",10500000,99442,"坡道平面",32.59,2300000,296282,2763030,"Y","預售屋、或土地及建物分件登記案件；","RPXSMLPKPHGGFAF09DA",52.35,3.22,0,"有","新北市土城區清和里青雲路352之5號","POINT (121.4583139121515 24.9742695261609)"
"樹林區","房地(土地+建物)+車位","新北市樹林區俊英街１１６巷４１弄３３號四樓",21.07,"其他","","",1100707,"土地1建物1車位1","四層","十層","華廈(10層含以下有電梯)","工業用","鋼筋混凝土造",840323,122.23,2,2,1,"有","有",7800000,63814,"坡道平面",0,1300000,293257,2766587,"Y","其他增建；","RPUOMLTLPHGGFIF17EA",68.49,7.65,0,"有","新北市樹林區圳安里俊英街116巷41弄33號","POINT (121.428152302361 25.007124565380931)"
"永和區","房地(土地+建物)","新北市永和區文化路１３５巷３２弄７號三樓",32,"其他","","",1100710,"土地1建物1車位0","三層","四層","公寓(5樓含以下無電梯)","住家用","ＲＣ造",621015,99.03,3,2,2,"有","無",13300000,134303,"",0,0,301533,2767422,"N","","RPWNMLKMPHGGFHF98EA",82.43,16.6,0,"無","新北市永和區文化里文化路135巷32弄7號","POINT (121.5105909162296 25.014007820011209)"
"樹林區","房地(土地+建物)+車位","新北市樹林區大義路２４２號三樓",17.17,"其他","","",1100704,"土地1建物1車位1","三層","十九層","住宅大樓(11層含以上有電梯)","住家用","鋼筋混凝土造",980108,201.79,4,2,2,"有","有",18680000,101904,"坡道平面",33.2,1500000,288231,2759836,"Y","其他增建；","RPXNMLKMPHGGFIF56EA",105.68,9.83,0,"有","新北市樹林區柑園里大義路242號","POINT (121.3783913126391 24.945973374537161)"
"鶯歌區","房地(土地+建物)","新北市鶯歌區鶯桃路３９３號五樓",20.5,"其他","","",1100713,"土地1建物1車位0","五層，陽台","五層","公寓(5樓含以下無電梯)","住家用","鋼筋混凝土造",NA,87.01,3,2,1,"有","無",4600000,52867,"",0,0,283641,2761817,"N","","RPPNMLMJQHGGFIF38EA",87.01,0,0,"無","新北市鶯歌區鳳祥里鶯桃路393號","POINT (121.3332458721034 24.963874507458911)"
"鶯歌區","房地(土地+建物)+車位","新北市鶯歌區鶯桃路１８２巷９６弄１６號五樓",21.37,"其他","","",1100706,"土地1建物1車位1","五層","七層","華廈(10層含以下有電梯)","住家用","鋼筋混凝土造",820903,132.77,4,2,2,"有","有",7500000,56489,"坡道平面",0,0,284306,2761061,"N","","RPQNMLMJQHGGFIF48EA",95.8,19.27,0,"有","新北市鶯歌區永昌里鶯桃路182巷96弄16號","POINT (121.3396880934009 24.957163446313931)"
"樹林區","房地(土地+建物)","新北市樹林區中正路２７號十樓",23.65,"其他","","",1100716,"土地2建物1車位0","十層","十二層","住宅大樓(11層含以上有電梯)","住家用","鋼筋混凝土造",790807,179.94,4,2,2,"有","有",14000000,77804,"",0,0,293120,2765772,"N","","RPRNMLMJQHGGFIF58EA",138.99,17.61,0,"有","新北市樹林區圳福里中正路27號","POINT (121.42709206532879 24.999459931572709)"
"樹林區","房地(土地+建物)","新北市樹林區龍興街５６號四樓",21.59,"其他","","",1100527,"土地1建物1車位0","四層，陽台","四層","公寓(5樓含以下無電梯)","住家用","鋼筋混凝土造",640124,82.56,3,2,1,"有","無",6100000,73886,"",0,0,290680,2767531,"Y","其他增建；","RPPNMLKMPHGGFIF38EA",82.56,0,0,"無","新北市樹林區三興里龍興街56號","POINT (121.403118198854 25.015285316609969)"
"蘆洲區","房地(土地+建物)","新北市蘆洲區民族路３１４巷１１之１號七樓",22.26,"其他","","",1100710,"土地1建物1車位0","七層","九層","華廈(10層含以下有電梯)","住家用","鋼筋混凝土造",840804,122.16,3,2,2,"有","有",12000000,98232,"",0,0,298168,2775891,"Y","陽台外推；","RPRQMLOJQHGGFGF78DA",89.53,13.09,0,"有","新北市蘆洲區復興里民族路314巷11之1號","POINT (121.4778490291766 25.090547807054481)"
"三重區","房地(土地+建物)","新北市三重區溪尾街４２之６號三樓",5.74,"其他","","",1100712,"土地2建物1車位0","三層","十五層","住宅大樓(11層含以上有電梯)","商業用","鋼筋混凝土造",971209,41.12,1,1,1,"有","有",5350000,130107,"",0,0,299439,2774382,"Y","其他增建；","RPSQMLOJQHGGFGF88DA",23.21,1.96,0,"有","新北市三重區福隆里溪尾街42之6號","POINT (121.4906296380734 25.07699904483021)"
"蘆洲區","房地(土地+建物)","新北市蘆洲區長安街２２巷３９弄１９號三樓",19.23,"其他","","",1100609,"土地1建物1車位0","三層","六層","華廈(10層含以下有電梯)","住家用","鋼筋混凝土造",880819,88.44,2,2,1,"有","有",9500000,107417,"",0,0,296828,2774800,"Y","廚房增建","RPPNMLPJQHGGFGF38DA",62.22,8.04,0,"有","新北市蘆洲區九芎里長安街22巷39弄19號","POINT (121.4643302116975 25.080870917588229)"
"蘆洲區","房地(土地+建物)","新北市蘆洲區環堤大道２８號十二樓",8.24,"其他","","",1100625,"土地1建物1車位0","十二層","十四層","住宅大樓(11層含以上有電梯)","住家用","鋼筋混凝土造",880727,66.73,2,1,1,"有","有",6500000,97407,"",0,0,296035,2775092,"Y","陽台外推；","RPQNMLMJPHGGFGF08DA",44.97,6.74,0,"有","新北市蘆洲區永康里環堤大道28號","POINT (121.4566330426623 25.083550930279671)"
"三重區","房地(土地+建物)+車位","新北市三重區三賢街２６號二樓",29.02,"其他","","",1100624,"土地1建物1車位1","二層","十四層","住宅大樓(11層含以上有電梯)","住家用","鋼筋混凝土造",970204,179.3,4,2,2,"有","有",21380000,119241,"坡道平面",30.46,0,299386,2775655,"N","","RPQNMLTLOHGGFGF88DA",98.54,9.39,0,"有","新北市三重區富貴里三賢街26號","POINT (121.4897287381398 25.08848790361769)"
"蘆洲區","房地(土地+建物)","新北市蘆洲區長安街６８巷８弄５號五樓",30.25,"其他","","",1100618,"土地1建物1車位0","五層","五層","公寓(5樓含以下無電梯)","住家用","鋼筋混凝土造",761230,105.63,6,3,3,"有","無",9500000,89937,"",0,0,296724,2774746,"Y","頂樓加蓋；其他增建；","RPTRMLSKOHGGFGF76DA",95.02,10.61,0,"無","新北市蘆洲區九芎里長安街68巷8弄5號","POINT (121.4633504116066 25.08024657329797)"
"中和區","房地(土地+建物)+車位","新北市中和區中正路７９７號二十一樓之二",16.95,"其他","","",1100516,"土地1建物1車位2","二十一層","二十七層","住宅大樓(11層含以上有電梯)","住家用","鋼骨鋼筋混凝土造",861104,260.47,4,2,2,"有","有",24500000,104768,"坡道平面",64.8,4000000,298912,2765927,"Y","其他增建；","RPPQMLKLPHGGFHF38DA",139.28,15,0,"有","新北市中和區平河里中正路797號","POINT (121.4847325791981 25.000466087354329)"
"永和區","房地(土地+建物)","新北市永和區秀朗路二段１２６巷２０號五樓",26.13,"其他","","",1100630,"土地1建物1車位0","五層","五層","公寓(5樓含以下無電梯)","住家用","鋼筋混凝土造",700714,85.33,3,2,1,"有","無",10700000,125396,"",0,0,302946,2766008,"Y","陽台外推；頂樓加蓋；其他增建；","RPWOMLPKPHGGFHF66DA",69.86,7.48,0,"無","新北市永和區秀林里秀朗路二段126巷20號","POINT (121.5245142424005 25.001133242619868)"
"中和區","房地(土地+建物)","新北市中和區景平路２６８號十八樓",3.89,"其他","","",1100626,"土地1建物1車位0","十八層","三十四層","住宅大樓(11層含以上有電梯)","住家用","鋼骨造",890529,52.35,1,1,1,"有","有",7160000,136772,"",0,0,301978,2765074,"N","","RPORMLTJPHGGFHF09DA",39.93,0,0,"有","新北市中和區秀明里景平路268號","POINT (121.51440256558909 24.992573234853211)"
"中和區","房地(土地+建物)","新北市中和區景新街４６７巷２０弄１１０號四樓",17.19,"其他","","",1100714,"土地1建物1車位0","四層，陽台","五層","公寓(5樓含以下無電梯)","住家用","鋼筋混凝土造",690409,70.21,2,1,1,"有","無",6700000,95428,"",0,0,301973,2764407,"N","","RPQNMLLJQHGGFHF18DA",70.21,0,0,"無","新北市中和區景南里景新街467巷20弄110號","POINT (121.5147556183358 24.986786043548321)"
"中和區","房地(土地+建物)","新北市中和區中山路三段８４巷１弄２號",32.84,"其他","","",1100607,"土地1建物1車位0","一層","四層","公寓(5樓含以下無電梯)","住家用","加強磚造",650619,65.77,3,1,1,"有","無",4633822,70455,"",0,0,298215,2766547,"Y","親友、員工、共有人或其他特殊關係間之交易；","RPXOMLOJQHGGFHF66DA",65.77,0,0,"無","新北市中和區員山里中山路三段84巷1弄2號","POINT (121.47766702556361 25.0062082629927)"
"永和區","房地(土地+建物)","新北市永和區中正路５８８號七樓之四",3.4,"其他","","",1100707,"土地1建物1車位0","七層","十層","華廈(10層含以下有電梯)","住家用","鋼筋混凝土造",820111,35.13,1,1,1,"有","有",4900000,139482,"",0,0,302208,2766637,"N","","RPOPMLOJQHGGFHF48DA",23.42,0,0,"有","新北市永和區福和里中正路588號","POINT (121.5171515931028 25.006833425515971)"
"永和區","房地(土地+建物)","新北市永和區中正路７４６號七樓",2.71,"其他","","",1100729,"土地1建物1車位0","七層","十二層","住宅大樓(11層含以上有電梯)","商業用","鋼筋混凝土造",830727,35.73,1,1,1,"有","有",5500000,153932,"",0,0,301969,2767027,"N","","RPRQMLOJQHGGFHF88DA",23.4,0,0,"有","新北市永和區正興里中正路746號","POINT (121.5149575964886 25.01034382312881)"
"中和區","房地(土地+建物)","新北市中和區秀朗路三段１０巷１４弄３２號",122.22,"其他","","",1100226,"土地1建物1車位0","全","二層","透天厝","住家用","加強磚造",630109,114.4,3,2,3,"有","無",42800000,374126,"",0,0,302964,2765508,"Y","陽台外推；其他增建；","RPQNMLTKOHGGFHF88DA",114.4,0,0,"無","新北市中和區秀福里秀朗路三段10巷14弄32號","POINT (121.5246444132695 24.99660766089865)"
"汐止區","房地(土地+建物)+車位","新北市汐止區水源路一段１６８巷８號十二樓",22.38,"其他","","",1100724,"土地1建物1車位1","十二層","十三層","住宅大樓(11層含以上有電梯)","住家用","鋼筋混凝土構造",1070319,164.65,3,2,2,"有","有",21780000,132281,"坡道平面",28.16,0,316114,2772857,"N","","RPVOMLOJQHGGFDF68DA",80.1,11.37,0,"有","新北市汐止區自強里水源路一段168巷8號","POINT (121.6552079271373 25.062306116455229)"
"五股區","房地(土地+建物)+車位","新北市五股區新城六路２３７號二樓",12.69,"其他","","",1100720,"土地1建物1車位1","二層","十五層","住宅大樓(11層含以上有電梯)","住家用","鋼筋混凝土造",1040305,95.12,2,2,1,"有","有",8000000,84104,"坡道平面",28.24,0,295138,2776172,"N","","RPSPMLQJQHGGFBF58EA",40.73,4.42,0,"有","新北市五股區成功里新城六路237號","POINT (121.44769730900261 25.0931339611291)"
"板橋區","房地(土地+建物)","新北市板橋區文化路二段３６９巷４號三樓",46.75,"其他","","",1100705,"土地5建物1車位0","三層","四層","公寓(5樓含以下無電梯)","住家用","加強磚造",NA,82.57,2,1,1,"有","無",8500000,102943,"",0,0,297722,2769343,"N","","RPPQMLPJQHGGFAF18EA",82.57,0,0,"無","新北市板橋區柏翠里文化路二段369巷4號","POINT (121.4728240248357 25.031342463338451)"
"板橋區","房地(土地+建物)","新北市板橋區四川路二段１３０巷４５號四樓",12.62,"其他","","",1100526,"土地1建物1車位0","四層，陽台","四層","公寓(5樓含以下無電梯)","住家用","鋼筋混凝土造",NA,34.74,3,1,2,"有","無",3000000,86356,"",0,0,295375,2765275,"Y","親友、員工、共有人或其他特殊關係間之交易；","RPTQMLOJQHGGFAF48EA",34.74,0,0,"無","新北市板橋區華東里四川路二段130巷45號","POINT (121.4495715358879 24.994732104296961)"
"土城區","房地(土地+建物)","新北市土城區永和街３號三樓",32.91,"其他","","",1100711,"土地1建物1車位0","三層","五層","公寓(5樓含以下無電梯)","住家用","鋼筋混凝土造",700608,102.27,3,2,1,"有","無",9300000,90936,"",0,0,293881,2761991,"Y","其他增建；","RPVPMLQJQHGGFAF78EA",82.12,20.15,0,"無","新北市土城區永寧里永和街3號","POINT (121.43457636861871 24.965175960643538)"
"樹林區","房地(土地+建物)+車位","新北市樹林區八德街６６２號四樓",28.47,"其他","","",1100628,"土地1建物1車位1","四層","十層","華廈(10層含以下有電梯)","住家用","鋼筋混凝土造",1000421,153.72,3,2,2,"有","有",9500000,61801,"坡道平面",32.67,0,290012,2762442,"N","","RPPNMLOJQHGGFIF48DA",75.61,9.33,0,"有","新北市樹林區山佳里八德街662號","POINT (121.3964182091334 24.969207922454661)"
"三峽區","房地(土地+建物)","新北市三峽區復興路３６９號三樓之４",4.38,"其他","","",1100703,"土地1建物1車位0","三層","十七層","住宅大樓(11層含以上有電梯)","住家用","鋼筋混凝土造",840425,39.68,1,1,1,"有","有",4200000,105847,"",0,0,286701,2758988,"N","","RPUNMLOJQHGGFIF98DA",31.94,0,0,"有","新北市三峽區鳶山里復興路369號","POINT (121.3635191305893 24.938501532548649)"
"鶯歌區","房地(土地+建物)+車位","新北市鶯歌區永和街１５７之２號八樓",30.78,"其他","","",1100716,"土地1建物1車位1","八層","十三層","住宅大樓(11層含以上有電梯)","住家用","鋼筋混凝土造",1100317,172.34,3,2,2,"有","有",12830000,81624,"坡道平面",35.37,1650000,283798,2762464,"N","","RPWOMLTLPHGGFIF27DA",81.84,9.74,0,"有","新北市鶯歌區鳳鳴里永和街157之2號","POINT (121.3347592949854 24.969674648110221)"
"淡水區","房地(土地+建物)+車位","新北市淡水區新市三路一段９２號二十樓",16.92,"其他","","",1100522,"土地1建物1車位1","二十層","二十六層","住宅大樓(11層含以上有電梯)","住家用","鋼筋混凝土造",1080222,115.46,2,1,2,"有","有",8980000,83812,"坡道平面",25.02,1400000,292879,2787805,"N","","RPWPMLKLPHGGFEF68DA",53.25,7.89,0,"有","新北市淡水區崁頂里新市三路一段92號","POINT (121.4254823451823 25.198664567343592)"
"淡水區","房地(土地+建物)+車位","新北市淡水區新市三路一段８６號七樓",16.92,"其他","","",1100418,"土地1建物1車位1","七層","二十六層","住宅大樓(11層含以上有電梯)","住家用","鋼筋混凝土造",1080222,115.46,2,1,2,"有","有",8500000,78505,"坡道平面",25.02,1400000,292879,2787805,"N","","RPPQMLKLPHGGFEF08DA",53.25,7.89,0,"有","新北市淡水區崁頂里新市三路一段86號","POINT (121.4255510090517 25.198823775961419)"
"淡水區","房地(土地+建物)+車位","新北市淡水區新市三路一段１１０號二十三樓",26.91,"其他","","",1091128,"土地1建物1車位1","二十三層","二十六層","住宅大樓(11層含以上有電梯)","住家用","鋼筋混凝土造",1080222,178.3,3,2,2,"有","有",14930000,87291,"坡道平面",25.02,1550000,292879,2787805,"N","","RPTUMLNKPHGGFEF09DA",88.65,15.19,0,"有","新北市淡水區崁頂里新市三路一段110號","POINT (121.4261346583926 25.198450994099758)"
"淡水區","房地(土地+建物)+車位","新北市淡水區新市三路一段６０號十七樓",16.72,"其他","","",1100628,"土地1建物1車位1","十七層","二十層","住宅大樓(11層含以上有電梯)","住家用","鋼筋混凝土造",1080222,114.43,2,1,2,"有","有",8460000,80081,"坡道平面",25.02,1300000,292879,2787805,"N","","RPROMLOJQHGGFEF38DA",52.13,8.59,0,"有","新北市淡水區崁頂里新市三路一段60號","POINT (121.42484290581081 25.198357799208331)"
"淡水區","房地(土地+建物)","新北市淡水區水源街二段９２巷１１之２號五樓",22.59,"其他","","",1100704,"土地1建物1車位0","五層","八層","華廈(10層含以下有電梯)","住家用","鋼筋混凝土造",981125,99.23,3,0,3,"有","有",7300000,73566,"",0,0,295629,2785085,"N","","RPUPMLNJQHGGFEF68DA",54.22,10.67,0,"有","新北市淡水區學府里水源街二段92巷11之2號","POINT (121.4525779737161 25.17350033203547)"
"淡水區","房地(土地+建物)+車位","新北市淡水區新市三路一段１０６號十七樓",16.92,"其他","","",1100707,"土地1建物1車位1","十七層","二十六層","住宅大樓(11層含以上有電梯)","住家用","鋼筋混凝土造",1080222,115.46,2,1,2,"有","有",9050000,82928,"坡道平面",25.02,1550000,292879,2787805,"N","","RPQOMLSLPHGGFEF78DA",53.25,7.89,0,"有","新北市淡水區崁頂里新市三路一段106號","POINT (121.4260788678623 25.198625736112749)"
"淡水區","房地(土地+建物)+車位","新北市淡水區新市三路一段１１８號十樓",26.91,"其他","","",1100417,"土地1建物1車位1","十層","二十六層","住宅大樓(11層含以上有電梯)","住家用","鋼筋混凝土造",1080222,178.35,3,2,2,"有","有",13200000,76958,"坡道平面",25.02,1400000,292879,2787805,"N","","RPWQMLNJQHGGFEF98DA",88.7,15.19,0,"有","新北市淡水區崁頂里新市三路一段118號","POINT (121.4257999185117 25.198586904777351)"
"淡水區","房地(土地+建物)+車位","新北市淡水區新市三路一段８６號十三樓",16.92,"其他","","",1100522,"土地1建物1車位1","十三層","二十六層","住宅大樓(11層含以上有電梯)","住家用","鋼筋混凝土造",1080222,115.46,2,1,2,"有","有",8820000,82043,"坡道平面",25.02,1400000,292879,2787805,"N","","RPXQMLNJQHGGFEF09DA",53.25,7.89,0,"有","新北市淡水區崁頂里新市三路一段86號","POINT (121.4255510090517 25.198823775961419)"
"淡水區","房地(土地+建物)+車位","新北市淡水區新市三路一段８２號十一樓",16.92,"其他","","",1100622,"土地1建物1車位1","十一層","二十六層","住宅大樓(11層含以上有電梯)","住家用","鋼筋混凝土造",1080222,115.46,2,1,2,"有","有",8800000,81822,"坡道平面",25.02,1400000,292879,2787805,"N","","RPQRMLNJQHGGFEF48DA",53.25,7.89,0,"有","新北市淡水區崁頂里新市三路一段82號","POINT (121.42542236263751 25.198874256751221)"
"淡水區","房地(土地+建物)+車位","新北市淡水區新市三路一段８６號八樓",16.92,"其他","","",1100510,"土地1建物1車位1","八層","二十六層","住宅大樓(11層含以上有電梯)","住家用","鋼筋混凝土造",1080222,115.46,2,1,2,"有","有",8410000,78616,"坡道平面",25.02,1300000,292879,2787805,"N","","RPRRMLNJQHGGFEF58DA",53.25,7.89,0,"有","新北市淡水區崁頂里新市三路一段86號","POINT (121.4255510090517 25.198823775961419)"
"三重區","房地(土地+建物)+車位","新北市三重區三民街６８號三樓之三",18.21,"其他","","",1100717,"土地1建物1車位1","三層","十五層","住宅大樓(11層含以上有電梯)","住家用","鋼筋混凝土造",1050629,174.87,3,2,2,"有","有",20000000,131994,"坡道平面",38.5,2000000,298992,2772800,"N","","RPOPMLLLPHGGFGF18DA",77.43,15.66,0,"有","新北市三重區田安里三民街68號","POINT (121.48569942029791 25.062480498608188)"
"三重區","房地(土地+建物)+車位","新北市三重區集英路２２號十二樓",31.54,"其他","","",1100714,"土地1建物1車位1","十二層","十三層","住宅大樓(11層含以上有電梯)","住家用","鋼筋混凝土造",1001027,213.2,4,2,2,"有","有",27280000,127955,"坡道平面",44.45,0,299092,2775334,"N","","RPVOMLMJQHGGFGF78DA",109.02,12.82,0,"有","新北市三重區碧華里集英路22號","POINT (121.48648453476051 25.085288195040039)"
"蘆洲區","房地(土地+建物)","新北市蘆洲區長安街３４７巷２２之３號三樓",23.83,"其他","","",1100703,"土地1建物1車位0","三層","六層","華廈(10層含以下有電梯)","住家用","鋼筋混凝土造",871209,106.97,3,2,2,"有","有",12050000,112648,"",0,0,296006,2775513,"Y","陽台外推；","RPSOMLRLPHGGFGF09DA",76.08,7.81,0,"有","新北市蘆洲區成功里長安街347巷22之3號","POINT (121.4559614712183 25.08713434373859)"
"蘆洲區","房地(土地+建物)+車位","新北市蘆洲區水湳街３９３號十六樓",65.41,"其他","","",1100707,"土地1建物1車位1","十六層","二十五層","住宅大樓(11層含以上有電梯)","住家用","鋼骨鋼筋混凝土造",1040316,419.49,4,2,4,"有","有",59260000,145187,"坡道平面",26.48,2200000,297375,2776306,"N","","RPWOMLOJQHGGFGF09DA",238.13,25.72,0,"有","新北市蘆洲區水湳里水湳街393號","POINT (121.469635741635 25.094528692182109)"
"三重區","房地(土地+建物)","新北市三重區國隆路１４號四樓",29.95,"其他","","",1100623,"土地2建物1車位0","四層","五層","公寓(5樓含以下無電梯)","住家用","鋼筋混凝土造",721207,118.31,4,2,1,"有","無",11800000,99738,"",0,0,299683,2772928,"N","","RPVPMLQJPHGGFGF56DA",103.3,9.06,0,"無","新北市三重區國隆里國隆路14號","POINT (121.49300686825011 25.063886473562611)"
"中和區","房地(土地+建物)","新北市中和區連城路２６３巷１８弄１５號四樓",41.7,"其他","","",1100704,"土地1建物1車位0","四層","五層","公寓(5樓含以下無電梯)","住家用","鋼筋混凝土造",800624,102.52,3,2,1,"有","無",10600000,103394,"",0,0,299700,2765285,"N","","RPXRMLMLPHGGFHF86DA",83.99,10.42,0,"無","新北市中和區建和里連城路263巷18弄15號","POINT (121.4920660347326 24.99466920716344)"
"中和區","房地(土地+建物)","新北市中和區橋和路１６０巷１７號十三樓",6.92,"其他","","",1100510,"土地1建物1車位0","十三層","十四層","住宅大樓(11層含以上有電梯)","住家用","鋼筋混凝土造",871230,57,1,1,1,"有","有",6560000,115088,"",0,0,299909,2766493,"N","","RPTOMLQJQHGGFHF09DA",34.96,6.49,0,"有","新北市中和區中原里橋和路160巷17號","POINT (121.49464106677471 25.005869971902)"
"中和區","房地(土地+建物)+車位","新北市中和區景新街２０５之８號四樓",22.06,"其他","","",1100629,"土地1建物1車位1","四層","七層","華廈(10層含以下有電梯)","住家用","鋼筋混凝土造",830524,150.61,2,2,2,"有","有",18100000,120178,"坡道平面",34.87,0,301240,2765334,"N","","RPVQMLMJQHGGFHF09DA",89.4,18.82,0,"有","新北市中和區景安里景新街205之8號","POINT (121.5078425849099 24.995153396472411)"
"永和區","房地(土地+建物)","新北市永和區民權路５８巷２弄１２號",27.78,"其他","","",1100723,"土地1建物1車位0","一層，平台","五層","公寓(5樓含以下無電梯)","住家用","鋼筋混凝土造",680306,94.8,3,2,2,"有","無",15000000,158228,"",0,0,302473,2765740,"N","","RPXQMLOJQHGGFHF86DA",94.8,0,0,"無","新北市永和區民族里民權路58巷2弄12號","POINT (121.5198059424656 24.998782419163579)"
"中和區","房地(土地+建物)","新北市中和區中興街２０２巷６號三樓",14.95,"其他","","",1100630,"土地1建物1車位0","三層","十四層","住宅大樓(11層含以上有電梯)","住家用","鋼筋混凝土造",841117,83.45,2,1,1,"有","有",10000000,119832,"",0,0,300359,2764776,"N","","RPQRMLOJQHGGFHF88DA",61.27,3.84,0,"有","新北市中和區中興里中興街202巷6號","POINT (121.4991258736947 24.990415241430561)"
"永和區","房地(土地+建物)","新北市永和區永寧街１２５號",41.67,"其他","","",1100509,"土地1建物2車位0","一層","七層","華廈(10層含以下有電梯)","商業用","鋼筋混凝土造",820520,224.02,2,3,2,"有","有",36500000,162932,"",0,0,302315,2766497,"Y","陽台外推；其他增建；","RPRRMLMLOHGGFHF78DA",152.11,24.08,0,"有","新北市永和區福和里永寧街125號","POINT (121.5180344207607 25.00557522920937)"
"汐止區","房地(土地+建物)+車位","新北市汐止區康寧街４５９巷１號四樓",18.85,"其他","","",1100507,"土地1建物1車位1","四層","十九層","住宅大樓(11層含以上有電梯)","辦公用","鋼筋混凝土構造",1090918,158.05,0,0,0,"無","有",13750000,91700,"坡道平面",30.46,2050000,313648,2773577,"N","","RPRPMLQLNHGGFDF48DA",73.02,9.58,0,"有","新北市汐止區北峰里康寧街459巷1號","POINT (121.6311594843841 25.069012336970179)"
"汐止區","房地(土地+建物)+車位","新北市汐止區長江街２５２號６樓之１",42.32,"","山坡地保育區","丙種建築用地",1100615,"土地1建物1車位1","六層","十層","華廈(10層含以下有電梯)","住家用","鋼筋混凝土造",840627,147.15,3,2,2,"有","有",8000000,54366,"坡道平面",0,1500000,316839,2774771,"N","","RPPNMLQJQHGGFDF18DA",81.1,9.5,0,"有","新北市汐止區鄉長里長江街252號","POINT (121.6627746582555 25.079750142768411)"
"汐止區","房地(土地+建物)+車位","新北市汐止區忠孝東路４８８號四樓之１",16.15,"其他","","",1100712,"土地1建物1車位1","四層","十層","華廈(10層含以下有電梯)","住家用","鋼筋混凝土造",980911,94.85,2,2,1,"有","有",11000000,115973,"坡道機械",0,1000000,317222,2774128,"N","","RPUNMLQJQHGGFDF68DA",58.87,6.44,0,"有","新北市汐止區橋東里忠孝東路488號","POINT (121.6662328967348 25.073640559776809)"
"汐止區","房地(土地+建物)","新北市汐止區水源路二段１１０巷９號",25.28,"其他","","",1100712,"土地1建物1車位0","一層","四層","公寓(5樓含以下無電梯)","商業用","鋼筋混凝土造",690731,73.11,4,1,4,"有","無",7000000,95746,"",0,0,316267,2772040,"Y","陽台外推；","RPVNMLQJQHGGFDF78DA",61.99,11.12,0,"無","新北市汐止區白雲里水源路二段110巷9號","POINT (121.6567630528795 25.05507328625276)"
"泰山區","房地(土地+建物)","新北市泰山區明志路一段１１７巷４弄５號四樓",29.5,"其他","","",1100729,"土地2建物1車位0","四層","四層","公寓(5樓含以下無電梯)","住家用","鋼筋混凝土造",690630,83.01,8,0,8,"有","無",7000000,84327,"",0,0,293766,2772845,"Y","室內格局變更頂樓加蓋；","RPQNMLTJQHGGFBF38DA",73.92,9.09,0,"無","新北市泰山區楓樹里明志路一段117巷4弄5號","POINT (121.43384931542769 25.0631375208508)"
"新莊區","房地(土地+建物)+車位","新北市新莊區福德一街６號六樓",27.06,"其他","","",1100315,"土地1建物1車位1","六層","十三層","住宅大樓(11層含以上有電梯)","住家用","鋼筋混凝土造",1100625,163.7,3,2,2,"有","有",19720000,140175,"坡道平面",38,2100000,296730,2772108,"Y","預售屋、或土地及建物分件登記案件；","RPXWMLNJQHGGFBF76DA",74.16,8.24,0,"有","新北市新莊區頭前里福德一街6號","POINT (121.4631764887764 25.05657197573462)"
"新莊區","房地(土地+建物)+車位","新北市新莊區福德一街６號七樓",27.06,"其他","","",1100109,"土地1建物1車位1","七層","十三層","住宅大樓(11層含以上有電梯)","住家用","鋼筋混凝土造",1100625,163.7,3,2,2,"有","有",19600000,138425,"坡道平面",38,2200000,296730,2772108,"Y","預售屋、或土地及建物分件登記案件；","RPONNLNJQHGGFBF67DA",74.16,8.24,0,"有","新北市新莊區頭前里福德一街6號","POINT (121.4631764887764 25.05657197573462)"
"新莊區","房地(土地+建物)+車位","新北市新莊區福德一街１２號十樓",39.19,"其他","","",1100112,"土地1建物1車位2","十層","十三層","住宅大樓(11層含以上有電梯)","住家用","鋼筋混凝土造",1100625,258.17,4,2,3,"有","有",31800000,150409,"坡道平面",76,4400000,296730,2772108,"Y","本戶為裝潢戶預售屋、或土地及建物分件登記案件；","RPSONLNJQHGGFBF18DA",106.46,12.93,0,"有","新北市新莊區頭前里福德一街12號","POINT (121.46306276321241 25.056328996843639)"
"新莊區","房地(土地+建物)+車位","新北市新莊區福德一街６號十一樓",27.06,"其他","","",1100207,"土地1建物1車位1","十一層","十三層","住宅大樓(11層含以上有電梯)","住家用","鋼筋混凝土造",1100625,163.7,3,2,2,"有","有",19930000,141050,"坡道平面",38,2200000,296730,2772108,"Y","預售屋、或土地及建物分件登記案件；","RPVNNLNJQHGGFBF38DA",74.16,8.24,0,"有","新北市新莊區頭前里福德一街6號","POINT (121.4631764887764 25.05657197573462)"
"新莊區","房地(土地+建物)+車位","新北市新莊區福德一街１２號四樓",39.19,"其他","","",1100508,"土地1建物1車位2","四層","十三層","住宅大樓(11層含以上有電梯)","住家用","鋼筋混凝土造",1100625,258.17,4,2,3,"有","有",29500000,139979,"坡道平面",76,4000000,296730,2772108,"Y","預售屋、或土地及建物分件登記案件；","RPRVMLNJQHGGFBF68DA",106.46,12.93,0,"有","新北市新莊區頭前里福德一街12號","POINT (121.46306276321241 25.056328996843639)"
"新莊區","房地(土地+建物)+車位","新北市新莊區福德一街１２號三樓",39.19,"其他","","",1100510,"土地1建物1車位2","三層","十三層","住宅大樓(11層含以上有電梯)","住家用","鋼筋混凝土造",1100625,256.5,4,2,3,"有","有",33270000,157655,"坡道平面",74.33,4550000,296730,2772108,"Y","含裝潢費；預售屋、或土地及建物分件登記案件；","RPPVMLNJQHGGFBF48DA",106.46,12.93,0,"有","新北市新莊區頭前里福德一街12號","POINT (121.46306276321241 25.056328996843639)"
"新莊區","房地(土地+建物)+車位","新北市新莊區福德一街１２號十一樓",39.19,"其他","","",1100207,"土地1建物1車位2","十一層","十三層","住宅大樓(11層含以上有電梯)","住家用","鋼筋混凝土造",1100625,258.17,4,2,3,"有","有",30030000,140693,"坡道平面",76,4400000,296730,2772108,"Y","預售屋、或土地及建物分件登記案件；","RPWVMLNJQHGGFBF56DA",106.46,12.93,0,"有","新北市新莊區頭前里福德一街12號","POINT (121.46306276321241 25.056328996843639)"
"新莊區","房地(土地+建物)+車位","新北市新莊區福德一街１２號十二樓",39.19,"其他","","",1100107,"土地1建物1車位2","十二層","十三層","住宅大樓(11層含以上有電梯)","住家用","鋼筋混凝土造",1100625,258.17,4,2,3,"有","有",30010000,141681,"坡道平面",76,4200000,296730,2772108,"Y","預售屋、或土地及建物分件登記案件；","RPXVMLNJQHGGFBF66DA",106.46,12.93,0,"有","新北市新莊區頭前里福德一街12號","POINT (121.46306276321241 25.056328996843639)"
"新莊區","房地(土地+建物)+車位","新北市新莊區福德一街６號五樓",27.06,"其他","","",1100306,"土地1建物1車位1","五層","十三層","住宅大樓(11層含以上有電梯)","住家用","鋼筋混凝土造",1100625,163.7,3,2,2,"有","有",19370000,138186,"坡道平面",38,2000000,296730,2772108,"Y","預售屋、或土地及建物分件登記案件；","RPUWMLNJQHGGFBF09DA",74.16,8.24,0,"有","新北市新莊區頭前里福德一街6號","POINT (121.4631764887764 25.05657197573462)"
"新莊區","房地(土地+建物)","新北市新莊區中泰街１０７號三樓",23.49,"其他","","",1100611,"土地1建物1車位0","三層，陽台","五層","公寓(5樓含以下無電梯)","住家用","鋼筋混凝土造",700109,96.91,3,2,2,"有","無",9050000,93386,"",0,0,295279,2771002,"Y","其他增建；","RPUNMLOJQHGGFBF28DA",96.91,0,0,"無","新北市新莊區中全里中泰街107號","POINT (121.44871326777211 25.046555200648822)"
"五股區","房地(土地+建物)","新北市五股區五工六路５６號",756.98,"","工業區","丁種建築用地",1100715,"土地1建物4車位0","一層，二層，夾層，地下層","四層","華廈(10層含以下有電梯)","辦公用","鋼筋混凝土造",810716,2747.8,0,0,0,"無","無",240000000,87343,"",0,0,295163,2773463,"N","","RPQQMLOJQHGGFBF18DA",2419.65,227.31,0,"有","新北市五股區興珍里五工六路56號","POINT (121.4476254272749 25.06874228223964)"
"林口區","房地(土地+建物)+車位","新北市林口區文化二路一段５７１號十七樓之一",31.5,"其他","","",1100519,"土地1建物1車位1","十七層","十九層","住宅大樓(11層含以上有電梯)","住家用","鋼筋混凝土造",990430,297.73,3,2,2,"有","有",25880000,86924,"坡道平面",36.93,0,287866,2774539,"N","","RPROMLSLPHGGFBF58DA",162.54,21.64,0,"有","新北市林口區湖南里文化二路一段571號","POINT (121.3755285665811 25.078117225468741)"
"新莊區","房地(土地+建物)+車位","新北市新莊區福德一街２號十樓",31.19,"其他","","",1100310,"土地1建物1車位2","十層","十三層","住宅大樓(11層含以上有電梯)","住家用","鋼筋混凝土造",1100625,220.96,3,2,2,"有","有",24500000,140039,"坡道平面",76,4200000,296730,2772108,"Y","預售屋、或土地及建物分件登記案件；","RPWNMLNJQHGGFBF38DA",85.58,9.43,0,"有","新北市新莊區頭前里福德一街2號","POINT (121.46303915964209 25.056552537441071)"
"新莊區","房地(土地+建物)+車位","新北市新莊區福德一街２號六樓",31.19,"其他","","",1100110,"土地1建物1車位1","六層","十三層","住宅大樓(11層含以上有電梯)","住家用","鋼筋混凝土造",1100625,182.95,3,2,2,"有","有",21820000,136737,"坡道平面",38,2000000,296730,2772108,"Y","預售屋、或土地及建物分件登記案件；","RPQNMLNJQHGGFBF77DA",85.58,9.43,0,"有","新北市新莊區頭前里福德一街2號","POINT (121.46303915964209 25.056552537441071)"
"新莊區","房地(土地+建物)+車位","新北市新莊區福德一街８號七樓",19.12,"其他","","",1100106,"土地1建物1車位1","七層","十三層","住宅大樓(11層含以上有電梯)","住家用","鋼筋混凝土造",1100625,125.13,2,1,1,"有","有",14460000,140878,"坡道平面",36.33,1950000,296730,2772108,"Y","預售屋、或土地及建物分件登記案件；","RPXQMLNJQHGGFBF78DA",53.48,4.74,0,"有","新北市新莊區頭前里福德一街8號","POINT (121.4631893633469 25.05645534592707)"
"新莊區","房地(土地+建物)+車位","新北市新莊區福德一街８號六樓",19.12,"其他","","",1100508,"土地1建物1車位1","六層","十三層","住宅大樓(11層含以上有電梯)","住家用","鋼筋混凝土造",1100625,126.8,2,1,1,"有","有",14750000,143581,"坡道平面",38,2000000,296730,2772108,"Y","預售屋、或土地及建物分件登記案件；","RPVQMLNJQHGGFBF58DA",53.48,4.74,0,"有","新北市新莊區頭前里福德一街8號","POINT (121.4631893633469 25.05645534592707)"
"新莊區","房地(土地+建物)+車位","新北市新莊區福德一街８號九樓",19.12,"其他","","",1100328,"土地1建物1車位1","九層","十三層","住宅大樓(11層含以上有電梯)","住家用","鋼筋混凝土造",1100625,125.13,2,1,1,"有","有",15100000,145833,"坡道平面",36.33,2150000,296730,2772108,"Y","預售屋、或土地及建物分件登記案件；","RPRRMLNJQHGGFBF28DA",53.48,4.74,0,"有","新北市新莊區頭前里福德一街8號","POINT (121.4631893633469 25.05645534592707)"
"新莊區","房地(土地+建物)+車位","新北市新莊區福德一街８號四樓",19.12,"其他","","",1100527,"土地1建物1車位1","四層","十三層","住宅大樓(11層含以上有電梯)","住家用","鋼筋混凝土造",1100625,126.8,2,1,1,"有","有",14710000,143131,"坡道平面",38,2000000,296730,2772108,"Y","預售屋、或土地及建物分件登記案件；","RPRQMLNJQHGGFBF18DA",53.48,4.74,0,"有","新北市新莊區頭前里福德一街8號","POINT (121.4631893633469 25.05645534592707)"
"新莊區","房地(土地+建物)+車位","新北市新莊區福德一街１０號十樓",19.6,"其他","","",1091227,"土地1建物1車位1","十層","十三層","住宅大樓(11層含以上有電梯)","住家用","鋼筋混凝土造",1100625,129.13,2,1,1,"有","有",15260000,144409,"坡道平面",38,2100000,296730,2772108,"Y","預售屋、或土地及建物分件登記案件；","RPVSMLNJQHGGFBF78DA",54.97,4.74,0,"有","新北市新莊區頭前里福德一街10號","POINT (121.46319365497961 25.056328996843629)"
"新莊區","房地(土地+建物)+車位","新北市新莊區福德一街１０號十一樓",19.6,"其他","","",1100207,"土地1建物1車位1","十一層","十三層","住宅大樓(11層含以上有電梯)","住家用","鋼筋混凝土造",1100625,129.13,2,1,1,"有","有",15640000,147482,"坡道平面",38,2200000,296730,2772108,"Y","預售屋、或土地及建物分件登記案件；","RPWSMLNJQHGGFBF88DA",54.97,4.74,0,"有","新北市新莊區頭前里福德一街10號","POINT (121.46319365497961 25.056328996843629)"
"新莊區","房地(土地+建物)+車位","新北市新莊區福德一街１０號十二樓",19.6,"其他","","",1100207,"土地1建物1車位1","十二層","十三層","住宅大樓(11層含以上有電梯)","住家用","鋼筋混凝土造",1100625,129.13,2,1,1,"有","有",15860000,150993,"坡道平面",38,2100000,296730,2772108,"Y","預售屋、或土地及建物分件登記案件；","RPOTMLNJQHGGFBF18DA",54.97,4.74,0,"有","新北市新莊區頭前里福德一街10號","POINT (121.46319365497961 25.056328996843629)"
"新莊區","房地(土地+建物)+車位","新北市新莊區福德一街８號八樓",19.12,"其他","","",1100410,"土地1建物1車位1","八層","十三層","住宅大樓(11層含以上有電梯)","住家用","鋼筋混凝土造",1100625,125.13,2,1,1,"有","有",14980000,146734,"坡道平面",36.33,1950000,296730,2772108,"Y","預售屋、或土地及建物分件登記案件；","RPPRMLNJQHGGFBF08DA",53.48,4.74,0,"有","新北市新莊區頭前里福德一街8號","POINT (121.4631893633469 25.05645534592707)"
"新莊區","房地(土地+建物)+車位","新北市新莊區福德一街１０號四樓",19.6,"其他","","",1100123,"土地1建物1車位1","四層","十三層","住宅大樓(11層含以上有電梯)","住家用","鋼筋混凝土造",1100625,127.45,2,1,1,"有","有",14950000,141572,"坡道平面",36.33,2050000,296730,2772108,"Y","預售屋、或土地及建物分件登記案件；","RPQSMLNJQHGGFBF28DA",54.97,4.74,0,"有","新北市新莊區頭前里福德一街10號","POINT (121.46319365497961 25.056328996843629)"
"新莊區","房地(土地+建物)+車位","新北市新莊區福德一街１０號五樓",19.6,"其他","","",1091226,"土地1建物1車位1","五層","十三層","住宅大樓(11層含以上有電梯)","住家用","鋼筋混凝土造",1100625,129.13,2,1,1,"有","有",14900000,140459,"坡道平面",38,2100000,296730,2772108,"Y","預售屋、或土地及建物分件登記案件；","RPRSMLNJQHGGFBF38DA",54.97,4.74,0,"有","新北市新莊區頭前里福德一街10號","POINT (121.46319365497961 25.056328996843629)"
"新莊區","房地(土地+建物)+車位","新北市新莊區福美街９號四樓",21.76,"其他","","",1100312,"土地1建物1車位1","四層","十九層","住宅大樓(11層含以上有電梯)","住家用","鋼筋混凝土造",1091120,223.2,3,2,2,"有","有",24550000,120693,"坡道平面",38.02,2200000,296453,2771705,"N","","RPVOMLTKLHGGFBF58DA",108.39,16.17,0,"有","新北市新莊區頭前里福美街9號","POINT (121.4602608471961 25.052708432769212)"
"板橋區","房地(土地+建物)+車位","新北市板橋區漢生東路２７６之１號六樓",17.87,"其他","","",1100625,"土地1建物1車位2","六層","二十九層","住宅大樓(11層含以上有電梯)","住家用","鋼骨鋼筋混凝土造",960907,278,4,2,3,"有","有",52300000,188129,"坡道機械",22.18,0,297312,2767238,"N","","RPVUMLSLOHGGFAF76DA",159.62,26.27,0,"有","新北市板橋區深丘里漢生東路276之1號","POINT (121.4689623996213 25.012045614432459)"
"板橋區","房地(土地+建物)","新北市板橋區四川路二段９９之１２號五樓",27.2,"其他","","",1100529,"土地1建物1車位0","五層","五層","公寓(5樓含以下無電梯)","住家用","鋼筋混凝土造",680815,88.5,4,2,2,"有","無",8200000,92655,"",0,0,295633,2765234,"N","","RPRPMLTJPHGGFAF48DA",84.75,3.75,0,"無","新北市板橋區華德里四川路二段99之12號","POINT (121.4520111970555 24.994431804113351)"
"板橋區","房地(土地+建物)","新北市板橋區國慶路１４９巷１弄９號五樓",17.56,"其他","","",1100716,"土地1建物1車位0","五層","五層","公寓(5樓含以下無電梯)","住家用","鋼筋混凝土造",700409,69.63,3,2,2,"有","無",7850000,112739,"",0,0,296540,2765488,"Y","陽台外推；其他增建；","RPWQMLQKPHGGFAF88DA",55.97,13.66,0,"無","新北市板橋區重慶里國慶路149巷1弄9號","POINT (121.460966936144 24.996419495190381)"
"土城區","房地(土地+建物)+車位","新北市土城區青雲路３５０之７號十四樓",15.12,"其他","","",1091126,"土地1建物1車位1","十四層","十五層","住宅大樓(11層含以上有電梯)","住家用","鋼筋混凝土造",1100603,110.87,2,1,2,"有","有",9580000,93636,"坡道平面",31.52,2150000,296282,2763030,"Y","預售屋、或土地及建物分件登記案件；","RPXPNLPKPHGGFAF88DA",50.45,3.07,0,"有","新北市土城區清和里青雲路350之7號","POINT (121.457953959669 24.974589305515131)"
"新店區","房地(土地+建物)+車位","新北市新店區安祥路１１０巷３０弄３號九樓",70.32,"","山坡地保育區","丙種建築用地",1100605,"土地1建物1車位1","九層","十三層","住宅大樓(11層含以上有電梯)","住家用","鋼筋混凝土造",850106,188.11,4,2,2,"有","有",8800000,46781,"坡道平面",41.61,0,297846,2761055,"Y","陽台外推；","RPQOMLKMPHGGFCF97EA",157.03,19.11,0,"有","新北市新店區香坡里安祥路110巷30弄3號","POINT (121.474123451616 24.956461706827291)"
